{"cameraMode":{"drawMode":0,"name":"Shaded","section":"Shading Mode"},"sceneLighting":true,"audioPlay":false,"sceneViewState":{"showFog":false,"showMaterialUpdate":false,"showSkybox":false,"showFlares":false,"showImageEffects":false,"showParticleSystems":false},"in2DMode":false,"pivot":{"x":-1.3647966384887696,"y":-4.496818542480469,"z":-19.835250854492189},"rotation":{"x":-0.07015252858400345,"y":0.8988563418388367,"z":-0.4033569395542145,"w":-0.15633052587509156},"size":14.134786605834961,"orthographic":false}